Workbook

Sheet Instructions
A1: Sovereign Prints — Price List Workbook
A3: How this workbook is organised
A4: Material Costs | B4: Every material you buy — t-shirt blanks, mug blanks, bag blanks, vinyl (by type/colour), board, etc. Each has a cost and a Pricing Unit (Per Item or Per Metre). Edit this tab first — everything else pulls from here.
A6: Job Cost Calculator | B6: Works out what a job actually costs: the blank/base material for that product, plus the vinyl or print material used to brand it (by area, if it's a roll material), plus a labour/setup charge that varies by work type. This is your internal cost, not the customer price.
A8: Price List | B8: The customer-facing price list. Takes the cost from the calculator and applies your markup % to get a sell price, by work type + material + size. This is the table to print or hand to a customer.
A10: Vinyl Yield Planner | B10: Vinyl-specific: your Cricut can only cut about A4 at a time, but vinyl rolls come in 30cm/50cm/60cm+ widths. This works out how many pieces of a design actually fit across the full roll width, and the true cost per piece once you pack the roll properly instead of wasting the extra width.
A12: Colour key
A13: Yellow fill, blue text | B13: A cell you should edit — a cost, a size, a markup %, a new row.
A14: Black text | B14: A formula. Don't type over these — they calculate automatically from the yellow cells.
A16: All figures on every tab are placeholders for you to overwrite with real numbers.

Sheet Material Costs
A1: Material Cost Reference
A2: Every material you use, in one list — blanks (t-shirts, mugs, bags, caps) and roll goods (vinyl, fabric, board). Set "Pricing Unit" to Per Item for blanks or Per Metre for roll goods bought/cut by length. Add rows as needed — the Job Cost Calculator looks each one up by Material Name, so keep names unique.
A4: Material Name | B4: Category | C4: Pricing Unit | D4: Cost | E4: Roll Width (m) | F4: Colour/Variant | G4: Notes
A5: T-Shirt Blank - Cotton | B5: Blank | C5: Per Item | D5: 35 | F5: White | G5: Standard 160gsm cotton
A6: T-Shirt Blank - Polyester | B6: Blank | C6: Per Item | D6: 38 | F6: White | G6: Sports/performance fabric
A7: Mug Blank - Ceramic | B7: Blank | C7: Per Item | D7: 25 | F7: White | G7: 11oz standard
A8: Bag Blank - Canvas | B8: Blank | C8: Per Item | D8: 18 | F8: Natural | G8: Standard tote
A9: Cap Blank - Cotton Twill | B9: Blank | C9: Per Item | D9: 22 | F9: Black
A10: Correx Board | B10: Blank | C10: Per Item | D10: 45 | F10: White | G10: A1 sheet, signage backing
A11: Gloss Vinyl - White | B11: Vinyl | C11: Per Metre | D11: 45 | E11: 0.61 | F11: White | G11: Standard sign/decal vinyl
A12: Gloss Vinyl - Black | B12: Vinyl | C12: Per Metre | D12: 45 | E12: 0.61 | F12: Black
A13: Matte Vinyl - White | B13: Vinyl | C13: Per Metre | D13: 48 | E13: 0.61 | F13: White
A14: Reflective Vinyl - Silver | B14: Vinyl | C14: Per Metre | D14: 95 | E14: 0.61 | F14: Silver | G14: Vehicle/safety signage
A15: Heat Transfer Vinyl (HTV) - White | B15: Vinyl | C15: Per Metre | D15: 65 | E15: 0.5 | F15: White | G15: For garment printing
A16: Heat Transfer Vinyl (HTV) - Black | B16: Vinyl | C16: Per Metre | D16: 65 | E16: 0.5 | F16: Black
A17: Glitter HTV - Gold | B17: Vinyl | C17: Per Metre | D17: 110 | E17: 0.5 | F17: Gold | G17: Premium garment vinyl
A18: Chrome Vinyl - Silver | B18: Vinyl | C18: Per Metre | D18: 150 | E18: 0.61 | F18: Silver | G18: High-end vehicle branding
A19: Printable Vinyl - Clear/Gloss | B19: Vinyl | C19: Per Metre | D19: 55 | E19: 1.37 | F19: Clear/Gloss | G19: Full-colour printed decals

Sheet Job Cost Calculator
A1: Job Cost Calculator
A2: One row = one job/size combination. Pick the Base Material (the blank being branded) and the Print Material (the vinyl/print material used on it) — both pull cost from the Material Costs tab automatically by name. Enter print dimensions for the Print Material area used. The sheet works out total cost per unit: base material + print material + labour/setup.
A4: Work Type | B4: Base Material | C4: Print Material | D4: Print Width (m) | E4: Print Height (m) | F4: Print Area (m²) | G4: Base Material Cost | H4: Print Material Cost | I4: Setup Fee | J4: Labour | K4: Total Cost/Unit | O4: Labour / Setup Rates by Work Type
A5: T-Shirt | B5: T-Shirt Blank - Cotton | C5: Heat Transfer Vinyl (HTV) - White | D5: 0.25 | E5: 0.3 | F5: =D5*E5 -> 0.075 | G5: =IFERROR(INDEX('Material Costs'!$D$5:$D$19,MATCH(B5,'Material Costs'!$A$5:$A$19,0)),"No match") -> 35 | H5: =IFERROR(IF(INDEX('Material Costs'!$C$5:$C$19,MATCH(C5,'Material Costs'!$A$5:$A$19,0))="Per Metre",F5*INDEX('Material Costs'!$D$5:$D$19,MATCH(C5,'Material Costs'!$A$5:$A$19,0)),INDEX('Material Costs'!$D$5:$D$19,MATCH(C5,'Material Costs'!$A$5:$A$19,0))),"No match") -> 4.875 | I5: =IFERROR(INDEX($P$6:$P$12,MATCH(A5,$O$6:$O$12,0)),0) -> 20 | J5: =IFERROR(INDEX($Q$6:$Q$12,MATCH(A5,$O$6:$O$12,0)),0) -> 15 | K5: =IF(ISNUMBER(G5),G5,0)+IF(ISNUMBER(H5),H5,0)+I5+J5 -> 74.875 | O5: Work Type | P5: Setup Fee | Q5: Labour per Unit
A6: T-Shirt | B6: T-Shirt Blank - Polyester | C6: Heat Transfer Vinyl (HTV) - Black | D6: 0.25 | E6: 0.3 | F6: =D6*E6 -> 0.075 | G6: =IFERROR(INDEX('Material Costs'!$D$5:$D$19,MATCH(B6,'Material Costs'!$A$5:$A$19,0)),"No match") -> 38 | H6: =IFERROR(IF(INDEX('Material Costs'!$C$5:$C$19,MATCH(C6,'Material Costs'!$A$5:$A$19,0))="Per Metre",F6*INDEX('Material Costs'!$D$5:$D$19,MATCH(C6,'Material Costs'!$A$5:$A$19,0)),INDEX('Material Costs'!$D$5:$D$19,MATCH(C6,'Material Costs'!$A$5:$A$19,0))),"No match") -> 4.875 | I6: =IFERROR(INDEX($P$6:$P$12,MATCH(A6,$O$6:$O$12,0)),0) -> 20 | J6: =IFERROR(INDEX($Q$6:$Q$12,MATCH(A6,$O$6:$O$12,0)),0) -> 15 | K6: =IF(ISNUMBER(G6),G6,0)+IF(ISNUMBER(H6),H6,0)+I6+J6 -> 77.875 | O6: T-Shirt | P6: 20 | Q6: 15
A7: Mug | B7: Mug Blank - Ceramic | C7: Printable Vinyl - Clear/Gloss | D7: 0.2 | E7: 0.09 | F7: =D7*E7 -> 0.018 | G7: =IFERROR(INDEX('Material Costs'!$D$5:$D$19,MATCH(B7,'Material Costs'!$A$5:$A$19,0)),"No match") -> 25 | H7: =IFERROR(IF(INDEX('Material Costs'!$C$5:$C$19,MATCH(C7,'Material Costs'!$A$5:$A$19,0))="Per Metre",F7*INDEX('Material Costs'!$D$5:$D$19,MATCH(C7,'Material Costs'!$A$5:$A$19,0)),INDEX('Material Costs'!$D$5:$D$19,MATCH(C7,'Material Costs'!$A$5:$A$19,0))),"No match") -> 0.99 | I7: =IFERROR(INDEX($P$6:$P$12,MATCH(A7,$O$6:$O$12,0)),0) -> 10 | J7: =IFERROR(INDEX($Q$6:$Q$12,MATCH(A7,$O$6:$O$12,0)),0) -> 8 | K7: =IF(ISNUMBER(G7),G7,0)+IF(ISNUMBER(H7),H7,0)+I7+J7 -> 43.99 | O7: Mug | P7: 10 | Q7: 8
A8: Bag | B8: Bag Blank - Canvas | C8: Heat Transfer Vinyl (HTV) - Black | D8: 0.2 | E8: 0.2 | F8: =D8*E8 -> 0.04 | G8: =IFERROR(INDEX('Material Costs'!$D$5:$D$19,MATCH(B8,'Material Costs'!$A$5:$A$19,0)),"No match") -> 18 | H8: =IFERROR(IF(INDEX('Material Costs'!$C$5:$C$19,MATCH(C8,'Material Costs'!$A$5:$A$19,0))="Per Metre",F8*INDEX('Material Costs'!$D$5:$D$19,MATCH(C8,'Material Costs'!$A$5:$A$19,0)),INDEX('Material Costs'!$D$5:$D$19,MATCH(C8,'Material Costs'!$A$5:$A$19,0))),"No match") -> 2.6 | I8: =IFERROR(INDEX($P$6:$P$12,MATCH(A8,$O$6:$O$12,0)),0) -> 15 | J8: =IFERROR(INDEX($Q$6:$Q$12,MATCH(A8,$O$6:$O$12,0)),0) -> 12 | K8: =IF(ISNUMBER(G8),G8,0)+IF(ISNUMBER(H8),H8,0)+I8+J8 -> 47.6 | O8: Bag | P8: 15 | Q8: 12
A9: Cap | B9: Cap Blank - Cotton Twill | C9: Heat Transfer Vinyl (HTV) - White | D9: 0.1 | E9: 0.08 | F9: =D9*E9 -> 0.008 | G9: =IFERROR(INDEX('Material Costs'!$D$5:$D$19,MATCH(B9,'Material Costs'!$A$5:$A$19,0)),"No match") -> 22 | H9: =IFERROR(IF(INDEX('Material Costs'!$C$5:$C$19,MATCH(C9,'Material Costs'!$A$5:$A$19,0))="Per Metre",F9*INDEX('Material Costs'!$D$5:$D$19,MATCH(C9,'Material Costs'!$A$5:$A$19,0)),INDEX('Material Costs'!$D$5:$D$19,MATCH(C9,'Material Costs'!$A$5:$A$19,0))),"No match") -> 0.52 | I9: =IFERROR(INDEX($P$6:$P$12,MATCH(A9,$O$6:$O$12,0)),0) -> 15 | J9: =IFERROR(INDEX($Q$6:$Q$12,MATCH(A9,$O$6:$O$12,0)),0) -> 10 | K9: =IF(ISNUMBER(G9),G9,0)+IF(ISNUMBER(H9),H9,0)+I9+J9 -> 47.52 | O9: Cap | P9: 15 | Q9: 10
A10: Vehicle Branding | B10: Chrome Vinyl - Silver | C10: Reflective Vinyl - Silver | D10: 1.2 | E10: 0.6 | F10: =D10*E10 -> 0.72 | G10: =IFERROR(INDEX('Material Costs'!$D$5:$D$19,MATCH(B10,'Material Costs'!$A$5:$A$19,0)),"No match") -> 150 | H10: =IFERROR(IF(INDEX('Material Costs'!$C$5:$C$19,MATCH(C10,'Material Costs'!$A$5:$A$19,0))="Per Metre",F10*INDEX('Material Costs'!$D$5:$D$19,MATCH(C10,'Material Costs'!$A$5:$A$19,0)),INDEX('Material Costs'!$D$5:$D$19,MATCH(C10,'Material Costs'!$A$5:$A$19,0))),"No match") -> 68.4 | I10: =IFERROR(INDEX($P$6:$P$12,MATCH(A10,$O$6:$O$12,0)),0) -> 150 | J10: =IFERROR(INDEX($Q$6:$Q$12,MATCH(A10,$O$6:$O$12,0)),0) -> 80 | K10: =IF(ISNUMBER(G10),G10,0)+IF(ISNUMBER(H10),H10,0)+I10+J10 -> 448.4 | O10: Vehicle Branding | P10: 150 | Q10: 80
A11: Signage | B11: Correx Board | C11: Gloss Vinyl - White | D11: 0.6 | E11: 0.6 | F11: =D11*E11 -> 0.36 | G11: =IFERROR(INDEX('Material Costs'!$D$5:$D$19,MATCH(B11,'Material Costs'!$A$5:$A$19,0)),"No match") -> 45 | H11: =IFERROR(IF(INDEX('Material Costs'!$C$5:$C$19,MATCH(C11,'Material Costs'!$A$5:$A$19,0))="Per Metre",F11*INDEX('Material Costs'!$D$5:$D$19,MATCH(C11,'Material Costs'!$A$5:$A$19,0)),INDEX('Material Costs'!$D$5:$D$19,MATCH(C11,'Material Costs'!$A$5:$A$19,0))),"No match") -> 16.2 | I11: =IFERROR(INDEX($P$6:$P$12,MATCH(A11,$O$6:$O$12,0)),0) -> 100 | J11: =IFERROR(INDEX($Q$6:$Q$12,MATCH(A11,$O$6:$O$12,0)),0) -> 50 | K11: =IF(ISNUMBER(G11),G11,0)+IF(ISNUMBER(H11),H11,0)+I11+J11 -> 211.2 | O11: Signage | P11: 100 | Q11: 50
A12: Sticker/Decal | B12: Printable Vinyl - Clear/Gloss | C12: Printable Vinyl - Clear/Gloss | D12: 0.1 | E12: 0.1 | F12: =D12*E12 -> 0.01 | G12: =IFERROR(INDEX('Material Costs'!$D$5:$D$19,MATCH(B12,'Material Costs'!$A$5:$A$19,0)),"No match") -> 55 | H12: =IFERROR(IF(INDEX('Material Costs'!$C$5:$C$19,MATCH(C12,'Material Costs'!$A$5:$A$19,0))="Per Metre",F12*INDEX('Material Costs'!$D$5:$D$19,MATCH(C12,'Material Costs'!$A$5:$A$19,0)),INDEX('Material Costs'!$D$5:$D$19,MATCH(C12,'Material Costs'!$A$5:$A$19,0))),"No match") -> 0.55 | I12: =IFERROR(INDEX($P$6:$P$12,MATCH(A12,$O$6:$O$12,0)),0) -> 5 | J12: =IFERROR(INDEX($Q$6:$Q$12,MATCH(A12,$O$6:$O$12,0)),0) -> 3 | K12: =IF(ISNUMBER(G12),G12,0)+IF(ISNUMBER(H12),H12,0)+I12+J12 -> 63.55 | O12: Sticker/Decal | P12: 5 | Q12: 3
A14: Base Material and Print Material must match a "Material Name" on the Material Costs tab exactly (case and spelling). Tip: to add a job type, insert a row inside the table so formulas copy down, rather than typing below it.

Sheet Price List
A1: Customer Price List
A2: Cost/Unit pulls from the Job Cost Calculator tab automatically (matched on Work Type + Base Material). Set your Markup % per row (yellow) — Sell Price updates on its own.
A4: Work Type | B4: Base Material | C4: Print Size | D4: Cost / Unit | E4: Markup % | F4: Sell Price | G4: Quote Only? | H4: Notes
A5: T-Shirt | B5: T-Shirt Blank - Cotton | C5: 25cm x 30cm | D5: =IFERROR(INDEX('Job Cost Calculator'!$K$5:$K$12,MATCH(1,('Job Cost Calculator'!$A$5:$A$12=A5)*('Job Cost Calculator'!$B$5:$B$12=B5),0)),"No match") -> 74.875 | E5: 0.6 | F5: =IF(ISNUMBER(D5),D5*(1+E5),"—") -> 119.8 | G5: No
A6: T-Shirt | B6: T-Shirt Blank - Polyester | C6: 25cm x 30cm | D6: =IFERROR(INDEX('Job Cost Calculator'!$K$5:$K$12,MATCH(1,('Job Cost Calculator'!$A$5:$A$12=A6)*('Job Cost Calculator'!$B$5:$B$12=B6),0)),"No match") -> 77.875 | E6: 0.6 | F6: =IF(ISNUMBER(D6),D6*(1+E6),"—") -> 124.6 | G6: No
A7: Mug | B7: Mug Blank - Ceramic | C7: 20cm x 9cm wrap | D7: =IFERROR(INDEX('Job Cost Calculator'!$K$5:$K$12,MATCH(1,('Job Cost Calculator'!$A$5:$A$12=A7)*('Job Cost Calculator'!$B$5:$B$12=B7),0)),"No match") -> 43.99 | E7: 0.8 | F7: =IF(ISNUMBER(D7),D7*(1+E7),"—") -> 79.182 | G7: No
A8: Bag | B8: Bag Blank - Canvas | C8: 20cm x 20cm | D8: =IFERROR(INDEX('Job Cost Calculator'!$K$5:$K$12,MATCH(1,('Job Cost Calculator'!$A$5:$A$12=A8)*('Job Cost Calculator'!$B$5:$B$12=B8),0)),"No match") -> 47.6 | E8: 0.6 | F8: =IF(ISNUMBER(D8),D8*(1+E8),"—") -> 76.16 | G8: No
A9: Cap | B9: Cap Blank - Cotton Twill | C9: 10cm x 8cm | D9: =IFERROR(INDEX('Job Cost Calculator'!$K$5:$K$12,MATCH(1,('Job Cost Calculator'!$A$5:$A$12=A9)*('Job Cost Calculator'!$B$5:$B$12=B9),0)),"No match") -> 47.52 | E9: 0.65 | F9: =IF(ISNUMBER(D9),D9*(1+E9),"—") -> 78.408 | G9: No
A10: Vehicle Branding | B10: Chrome Vinyl - Silver | C10: Custom / per m² | D10: =IFERROR(INDEX('Job Cost Calculator'!$K$5:$K$12,MATCH(1,('Job Cost Calculator'!$A$5:$A$12=A10)*('Job Cost Calculator'!$B$5:$B$12=B10),0)),"No match") -> 448.4 | E10: 0.5 | F10: =IF(ISNUMBER(D10),D10*(1+E10),"—") -> 672.6 | G10: Yes | H10: Always quote — size varies per vehicle
A11: Signage | B11: Correx Board | C11: Custom | D11: =IFERROR(INDEX('Job Cost Calculator'!$K$5:$K$12,MATCH(1,('Job Cost Calculator'!$A$5:$A$12=A11)*('Job Cost Calculator'!$B$5:$B$12=B11),0)),"No match") -> 211.2 | E11: 0.55 | F11: =IF(ISNUMBER(D11),D11*(1+E11),"—") -> 327.36 | G11: Yes | H11: Quote for large-format jobs
A12: Sticker/Decal | B12: Printable Vinyl - Clear/Gloss | C12: 10cm x 10cm | D12: =IFERROR(INDEX('Job Cost Calculator'!$K$5:$K$12,MATCH(1,('Job Cost Calculator'!$A$5:$A$12=A12)*('Job Cost Calculator'!$B$5:$B$12=B12),0)),"No match") -> 63.55 | E12: 0.7 | F12: =IF(ISNUMBER(D12),D12*(1+E12),"—") -> 108.035 | G12: No
A14: For a "Quote Only" product, ignore the calculated Sell Price on the storefront — it is here only as a costing reference for whoever prepares the quote.

Sheet Vinyl Yield Planner
A1: Vinyl Yield Planner
A2: The Cricut's cutting area limits a single cut to roughly A4 (about 21cm x 29.7cm, or ~19.5cm wide once you allow a small trim margin). But vinyl comes in wider rolls (30cm/50cm/60cm+). This works out how many of your design fit side-by-side ACROSS the roll width — cut them in a row, feeding the machine the roll's full width one strip at a time, instead of only ever cutting one A4-wide strip and wasting the rest of the roll's width. Fewer strips fed through = less vinyl used per piece = lower real cost/unit than a simple width x height calc assumes.
A4: Cutting Machine Limits
A5: Max cut width (cm) | B5: 19.5
A6: Max cut length (cm) | B6: 29.7
A7: Note: the Cricut mat/feed width, minus a small trim margin either side.
A9: Design Name | B9: Design Width (cm) | C9: Design Height (cm) | D9: Roll Width (cm) | E9: Fits Across? | F9: Cuts per Row (Width) | G9: Cuts per Row (Length, per metre of roll) | H9: Pieces per Metre of Roll | I9: Material Name | J9: Colour/Variant | K9: Cost per Piece | L9: Notes
A10: T-Shirt logo (A5-ish) | B10: 15 | C10: 20 | D10: 50 | E10: =IF(OR(AND(B10<=$B$5,C10<=$B$6),AND(C10<=$B$5,B10<=$B$6)),"Yes","No — exceeds machine limit") -> Yes | F10: =IF(E10="Yes",IF(AND(B10<=$B$5,C10<=$B$6),INT(D10/B10),INT(D10/C10)),0) -> 3 | G10: =IF(E10="Yes",IF(AND(B10<=$B$5,C10<=$B$6),INT(100/C10),INT(100/B10)),0) -> 5 | H10: =F10*G10 -> 15 | I10: Reflective Vinyl - Silver | J10: Silver | K10: =IFERROR(IF(H10>0,INDEX('Material Costs'!$D$5:$D$19,MATCH(I10,'Material Costs'!$A$5:$A$19,0))/H10,"n/a"),"No match") -> 6.3333333
A11: T-Shirt logo (A5-ish) | B11: 15 | C11: 20 | D11: 30 | E11: =IF(OR(AND(B11<=$B$5,C11<=$B$6),AND(C11<=$B$5,B11<=$B$6)),"Yes","No — exceeds machine limit") -> Yes | F11: =IF(E11="Yes",IF(AND(B11<=$B$5,C11<=$B$6),INT(D11/B11),INT(D11/C11)),0) -> 2 | G11: =IF(E11="Yes",IF(AND(B11<=$B$5,C11<=$B$6),INT(100/C11),INT(100/B11)),0) -> 5 | H11: =F11*G11 -> 10 | I11: Reflective Vinyl - Silver | J11: Silver | K11: =IFERROR(IF(H11>0,INDEX('Material Costs'!$D$5:$D$19,MATCH(I11,'Material Costs'!$A$5:$A$19,0))/H11,"n/a"),"No match") -> 9.5
A12: Cap logo (small) | B12: 8 | C12: 6 | D12: 50 | E12: =IF(OR(AND(B12<=$B$5,C12<=$B$6),AND(C12<=$B$5,B12<=$B$6)),"Yes","No — exceeds machine limit") -> Yes | F12: =IF(E12="Yes",IF(AND(B12<=$B$5,C12<=$B$6),INT(D12/B12),INT(D12/C12)),0) -> 6 | G12: =IF(E12="Yes",IF(AND(B12<=$B$5,C12<=$B$6),INT(100/C12),INT(100/B12)),0) -> 16 | H12: =F12*G12 -> 96 | I12: Heat Transfer Vinyl (HTV) - White | J12: White | K12: =IFERROR(IF(H12>0,INDEX('Material Costs'!$D$5:$D$19,MATCH(I12,'Material Costs'!$A$5:$A$19,0))/H12,"n/a"),"No match") -> 0.67708333
A13: Sticker (medium) | B13: 10 | C13: 10 | D13: 60 | E13: =IF(OR(AND(B13<=$B$5,C13<=$B$6),AND(C13<=$B$5,B13<=$B$6)),"Yes","No — exceeds machine limit") -> Yes | F13: =IF(E13="Yes",IF(AND(B13<=$B$5,C13<=$B$6),INT(D13/B13),INT(D13/C13)),0) -> 6 | G13: =IF(E13="Yes",IF(AND(B13<=$B$5,C13<=$B$6),INT(100/C13),INT(100/B13)),0) -> 10 | H13: =F13*G13 -> 60 | I13: Printable Vinyl - Clear/Gloss | J13: Clear/Gloss | K13: =IFERROR(IF(H13>0,INDEX('Material Costs'!$D$5:$D$19,MATCH(I13,'Material Costs'!$A$5:$A$19,0))/H13,"n/a"),"No match") -> 0.91666667
A14: Vehicle decal (large) | B14: 40 | C14: 25 | D14: 60 | E14: =IF(OR(AND(B14<=$B$5,C14<=$B$6),AND(C14<=$B$5,B14<=$B$6)),"Yes","No — exceeds machine limit") -> No — exceeds machine limit | F14: =IF(E14="Yes",IF(AND(B14<=$B$5,C14<=$B$6),INT(D14/B14),INT(D14/C14)),0) -> 0 | G14: =IF(E14="Yes",IF(AND(B14<=$B$5,C14<=$B$6),INT(100/C14),INT(100/B14)),0) -> 0 | H14: =F14*G14 -> 0 | I14: Reflective Vinyl - Silver | J14: Silver | K14: =IFERROR(IF(H14>0,INDEX('Material Costs'!$D$5:$D$19,MATCH(I14,'Material Costs'!$A$5:$A$19,0))/H14,"n/a"),"No match") -> n/a
A16: How to use: measure your design, pick the roll width you're cutting from, and this tells you how many pieces you actually get per metre of that roll — and the true cost per piece once the roll's full width is packed, not just one Cricut-width strip. Compare 'Cuts per Row (Width)' across different Roll Width values to see which roll width wastes the least material for a given design size.
